file,sha256,threads,valid_on_1024_thread_device,VGPRs,Spilled VGPRs,Scratch size,LDS size,Instructions,Code size,Subgroups per SIMD
coarse_1024.spv,97235a35941c631dc9b28b61d331114d9e7d11d9fa7e35d0b60f036c8de9c9d8,128,True,256,0,0,32768,1706,8244,4
coarse_256.spv,0a158c9ad535a6ac19e27c7f25248757854d84ce4e1c030ebb9a738405f9112b,64,True,192,0,0,8192,754,3616,8
coarse_512.spv,b39cfb2bead89c8ebbfea16c70dd76e46c02dbd1c5b2906be39505ef18163cf9,64,True,256,0,0,16384,1526,7380,4
compact_1024.spv,49057a9b47338a4ff8b0818a73cc045af1accf616c492f4dbacd234049d86750,256,True,12,0,0,0,60,296,32
compact_128.spv,49057a9b47338a4ff8b0818a73cc045af1accf616c492f4dbacd234049d86750,256,True,12,0,0,0,60,296,32
compact_16384.spv,49057a9b47338a4ff8b0818a73cc045af1accf616c492f4dbacd234049d86750,256,True,12,0,0,0,60,296,32
compact_2048.spv,49057a9b47338a4ff8b0818a73cc045af1accf616c492f4dbacd234049d86750,256,True,12,0,0,0,60,296,32
compact_256.spv,49057a9b47338a4ff8b0818a73cc045af1accf616c492f4dbacd234049d86750,256,True,12,0,0,0,60,296,32
compact_32768.spv,49057a9b47338a4ff8b0818a73cc045af1accf616c492f4dbacd234049d86750,256,True,12,0,0,0,60,296,32
compact_4096.spv,49057a9b47338a4ff8b0818a73cc045af1accf616c492f4dbacd234049d86750,256,True,12,0,0,0,60,296,32
compact_512.spv,49057a9b47338a4ff8b0818a73cc045af1accf616c492f4dbacd234049d86750,256,True,12,0,0,0,60,296,32
compact_64.spv,49057a9b47338a4ff8b0818a73cc045af1accf616c492f4dbacd234049d86750,256,True,12,0,0,0,60,296,32
compact_65536.spv,49057a9b47338a4ff8b0818a73cc045af1accf616c492f4dbacd234049d86750,256,True,12,0,0,0,60,296,32
compact_8192.spv,49057a9b47338a4ff8b0818a73cc045af1accf616c492f4dbacd234049d86750,256,True,12,0,0,0,60,296,32
forward_1024.spv,5a359793d4287e499a40fc5e571f40438138378fabdb93e40f49cc7c87503140,64,True,108,0,0,4096,1991,10388,14
forward_128.spv,57439451583787ac0183097f83a96d52bd5ce582c74d36d3c4ec885c53abf30d,8,True,96,0,0,1024,812,5116,16
forward_16384.spv,323a8b5ec86fe5b63ba0ab9035c9429a553013b77b35da4983f759e82d781a13,1024,True,96,49,3072,32768,4253,23408,16
forward_2048.spv,0c671b1fe7f4cff3ecd6cb97e18b1d920c49e32a12f9be40abb9c113299e4ad8,128,True,108,0,0,8192,2199,11524,14
forward_256.spv,28e9a524d933568044779182a959e6e5625b34d5912b8aba7ad8ed16b78cb134,16,True,96,0,0,2048,823,5324,16
forward_32768.spv,51d93f0ad540d0d1b32c07c41114c2c0375f92b6e05850ebaff3e765e3d63ac3,1024,True,96,1981,32256,32768,14465,85064,16
forward_4096.spv,879aaf49fa78c6cb837104d03c7b07f113bb31c9232e55c2e3d4cac1779bf20f,256,True,120,0,0,16384,2247,11812,12
forward_512.spv,6717343f988beef2c24a7b77bd59dfed38d114a60cf5a90c93206610a41fb316,32,True,192,0,0,4096,1151,7240,8
forward_64.spv,72af14e1aedff8facea19dea246b69bf7a1f96836335d63c2b2b7b6e082d616f,4,True,96,0,0,1024,808,5028,16
forward_65536.spv,ddafdc5afeef71bce1df12c5ac7334c8eb8534a76ae7fb10913b3839c06330da,1024,True,96,11278,89600,32768,60713,372876,16
forward_8192.spv,1c8ad578f715128735f75b930cdb455e763df58f7e611b0c2cb348a58ae39edd,512,True,144,0,0,32768,3011,15808,10
pack_coarse.spv,0dfe0529e0b07566326a622f611e65e805d76e3e0721c9548a7c884882348668,256,True,12,0,0,0,61,308,32
refine_1024.spv,3b2dcdff721dec54fa3a9ad464c3f71824adf46fa37da80395b2c46c3bdf89b9,64,True,108,0,0,4096,3361,17340,14
refine_128.spv,e9d63c09c39601b0ed1778fef6f4d5cbe0c9bd0768dd1dac7bc69091a121afff,8,True,120,0,0,1024,2240,12348,12
refine_16384.spv,17bbfdc7f65525e77a8dd4d1394a0a8b2756f681c9d16c672dc0d6a60139d3ae,1024,True,96,27,1280,65536,4542,23884,16
refine_16384_lds32.spv,8127032578968d2c845e8e4059494815bba8eda62ef2a8430c62621b4fc7bab3,1024,True,96,60,3072,32768,5689,30856,16
refine_2048.spv,169a855d66bffaa6fdb1702c578b668c73c7adaa7345df375f9cbc14c68036d3,128,True,108,0,0,8192,3603,18764,14
refine_256.spv,f951116ed3f00d87fa7bc0a4c5ff79ca7ad0e999555db712193f97dfea839910,16,True,120,0,0,2048,2240,12412,12
refine_32768.spv,02dddee0a1362143eadb704745922acec52333ffcd7d31b1efadbd75cfa0ad0f,1024,True,96,1248,30720,65536,12776,72340,16
refine_32768_lds32.spv,1a19cc13ed57ad3e78f74f3761353493029e0caad56dca6e25f9817a6708ff90,1024,True,96,2325,32256,32768,18297,106836,16
refine_4096.spv,aa8abfa056ac81c5b234b68986f093a9906bd66b474c210974d5d449538e6e7d,256,True,120,0,0,16384,3647,19020,12
refine_512.spv,46e82a251f0cd98822538fa22978ba7d68f5f098e0e3e1d94f27d2a9abe12de4,32,True,192,0,0,4096,2436,13884,8
refine_64.spv,b13604ed40399626399d8301dbff9345cea4a3dd2d4093466a67f986a65196ff,4,True,120,0,0,1024,2257,12348,12
refine_65536.spv,9a5da7c18b99b95b58019b2f4ae32a6196a8458fc235c689e64160af5e290edc,1024,True,96,7415,88320,65536,48161,284368,16
refine_65536_lds32.spv,e0434f6b3e3a39bdf89393d1931e8375ae87374660f7ffb00be76555d39e490b,1024,True,96,12787,90368,32768,74749,449984,16
refine_8192.spv,8f6b1a05489f2d3971d27146e86a9c9ac5f705774a4a0d83ddabc13f8fbbf9e5,512,True,192,0,0,65536,3883,19852,8
refine_8192_lds32.spv,2d7fad7384fcbf6225c889a4c303aae7e254a3f0e9f8fcd41e9ab661f55012ad,512,True,192,0,0,32768,4403,22988,8
tierb_1024.spv,de04f72fa2826fb486335634c4dac321b1184033da3c25d76c901ea85ccf8e7f,64,True,108,0,0,4096,3356,17276,14
tierb_1024_c16.spv,cfbf3342a3b8e68a15f8ef3d9a1cd2bb33b55f6c8fba317ab5f43e1b787ee9fa,64,True,84,0,0,2048,2166,12492,18
tierb_1024_c16p2.spv,07b1da075b7e0cae3630b1d7cceb4c4dc1ad5685d3045c5260f21cdd5e70aa51,128,True,96,0,0,4096,2448,14144,16
tierb_1024_c16p2t2.spv,dc454588bee59c71e006140b8a58f2ea75be2ede6c668da5f8ac6c23f1ddb15c,128,True,108,0,0,4096,3826,22520,14
tierb_1024_c16p4.spv,10636905ea7460a10086fde798bcf2b922b3842a326e063bf5a37c895b8ba522,256,True,96,0,0,8192,2448,14144,16
tierb_1024_c16p4t2.spv,d057ebf2e7ae636a429783a735fd7b3bac44e766a5cbbfed0bfbaea4f8010681,256,True,120,0,0,8192,3826,22520,12
tierb_1024_c16t2.spv,1f9009bfcaa00cf70cfafc367eeec2caf03fee1bdc0d9c2f2a6a440b0c391845,64,True,108,0,0,2048,3442,20456,14
tierb_128.spv,2ef3ec5cef405b4b28744907100d264ea41a349bdd38139b730bf85f92f353de,8,True,120,0,0,1024,2234,12284,12
tierb_128_c16.spv,36a14056371328a9c9e62bda96dec1877c565f27c0a7ed787a2730026c5c15d6,8,True,96,0,0,1024,1249,7104,16
tierb_128_c16p2.spv,d4a9a2b121b123bd37f115631d5c2a62a28048bca8109457416a244459f8b135,16,True,96,0,0,1024,1212,6928,16
tierb_128_c16p2t2.spv,ef070e22e8f4b36ff717638cc12a0560227fca930b3f9e6c92a5fc1f7e5d1d43,16,True,120,0,0,1024,1846,10728,12
tierb_128_c16p4.spv,73c9158c59253aa1090974e92a26b945e6ec04e0d5d64ab7eb1627e54e731d64,32,True,96,0,0,2048,1208,6912,16
tierb_128_c16p4t2.spv,f6b5c2ea2c7cb640fc69a82c3b692f05d0b923b3d59c7f62414fcb2ff4049e85,32,True,120,0,0,2048,1836,10688,12
tierb_128_c16t2.spv,4f6961620a2d1295580b9a5a287aff9fc0905149abe1c93d84d8247c9e96df37,8,True,120,0,0,1024,1924,11140,12
tierb_16384.spv,2a653e1010107ef30542c69c6b8a64a4f44d3c53ccf4e48264a86fdfd3a7d3c0,1024,True,96,27,1280,65536,4537,23828,16
tierb_16384_c16.spv,6e2cead4795f4740169821905ded96703bacc109d6a462cc6ac3750cfc9fe127,1024,True,96,0,0,32768,3210,18940,16
tierb_16384_c16p2.spv,6283f6b349f6e91b5b5034ddf28cfe1058613c3e3c42e484d6079ec1103752db,2048,False,48,213,10240,65536,4066,23964,32
tierb_16384_c16p4.spv,96b7d57edcd16473726836af3c3310f23057799133473833c799c4159a8ef1b4,4096,False,,,,,,,
tierb_16384_lds32.spv,22c28a641331f26e66c51d8cbd57a5a275f730b8ca2ee61eaf6e70471b3d321c,1024,True,96,60,3072,32768,5684,30856,16
tierb_2048.spv,b161aae17b905d5660062e252dc7bd8e72b467bb1e197fd0db28e00e253365bc,128,True,108,0,0,8192,3598,18700,14
tierb_2048_c16.spv,1b4905dcba7df637604b47b1761d9883fc5103acbffd62680b2ba5e6dc64e296,128,True,84,0,0,4096,2439,14236,18
tierb_2048_c16p2.spv,d799a60fe5aadef9d7049c7557472951b025fdce37560ab9f0b7e2d3750df09d,256,True,96,0,0,8192,2478,14412,16
tierb_2048_c16p4.spv,e8a8718d64349bfe2f0e0403a298ae1047f8231bcf161700ae30d889e7bee027,512,True,96,0,0,16384,2478,14412,16
tierb_256.spv,d29c59d0d65d68ff864f87be07b793fceb8a123ccb5a8344a3a090cd3a9eb2d1,16,True,120,0,0,2048,2235,12412,12
tierb_256_c16.spv,c6b75efe649e5281a1d9d30f14b4301d10d34646385de624cc4cc53382f6eb33,16,True,96,0,0,1024,1256,7220,16
tierb_256_c16p2.spv,4845f55c8da873985574b2271cb38ef9edfc91b16454b6eb6bab283f801b2578,32,True,96,0,0,2048,1231,7112,16
tierb_256_c16p2t2.spv,aa209c565cea628d51cde0198e318ea93ae746b9079be5a00d0be9a035db7741,32,True,120,0,0,2048,1866,10992,12
tierb_256_c16p4.spv,1e82e1eb41dfb2566cc56a089d9219e70ee0d99dd5e1f8bb5e2c86c0c98b4e72,64,True,96,0,0,4096,1259,7324,16
tierb_256_c16p4t2.spv,8fc0cb2914d2bef360a1037803294a28f066043e9b0ceda8ccb8de1f34578db9,64,True,96,0,0,4096,1950,11684,16
tierb_256_c16t2.spv,8fe88d9e9faf4dc31e0638800c4a000cff95a3a3a2f2035c51be4747294390f2,16,True,120,0,0,1024,1964,11480,12
tierb_32768.spv,304dcc742711fdf189c175a02a30e81b3373a7a2ab7bfe4d0664180c22b20f2e,1024,True,96,1248,30720,65536,12771,72340,16
tierb_32768_lds32.spv,ecf68c0d12151f94e0afa6eb8932ce574988b276a5b2832baa3ef624447d58b6,1024,True,96,2325,32256,32768,18293,106836,16
tierb_4096.spv,f10ce3f15df8a1532cea0b50eab01455beb6b4f75bac682aef9318678f2dcfa1,256,True,120,0,0,16384,3642,19020,12
tierb_4096_c16.spv,429b2929cb222c1b83a048cfac28bd0a6356bc41cd4c0626e6de4f3719560d53,256,True,96,0,0,8192,2458,14536,16
tierb_4096_c16p2.spv,63e5f114c79d0aa451fb3e6eb85c32b91458713cc376485e710979d211d9d4a7,512,True,96,0,0,16384,2511,14768,16
tierb_4096_c16p4.spv,cb63c57f5d1b4344c9fd42ee92763945724e444282dea46a41cfc3dca6231f00,1024,True,96,0,0,32768,2511,14768,16
tierb_512.spv,d17d5131865a8f1dff3eb187f4db4a4e59fe72914f271819d9ecfe63a9ec09eb,32,True,192,0,0,4096,2431,13884,8
tierb_512_c16.spv,623a91d8fb13d3dd5da7f081d6950bad461c8dbfa0a9994f2ebb1fc695195625,32,True,96,0,0,2048,1618,9308,16
tierb_512_c16p2.spv,09348c6012c8f0b77c87573a8c7ba3148266994292dd706f24d05f48a4ed6b67,64,True,96,0,0,4096,1670,9624,16
tierb_512_c16p2t4.spv,46f386249066449b9e14c911af19614278a6d68aca02eebb3aeedf7bc8d38f82,64,True,252,0,0,4096,4008,25344,6
tierb_512_c16p4.spv,5a2663dcfb7ede5df2849fb0452e032e92a8ea0cd7f66b454eec84d0e853d0d2,128,True,96,0,0,8192,1998,11388,16
tierb_512_c16p4t4.spv,522b742ded0237282100bfe446c72d5230c39356439ae67d5817d968d85cb37f,128,True,256,57,2304,8192,6030,36024,4
tierb_512_c16t4.spv,1e1a605f656361a4fd74f43bad3ac0ac34b7febb52014f3932887a64bdc9ccaa,32,True,216,0,0,2048,4179,25744,7
tierb_64.spv,4b3114c517900ba2c8565094b630f886b76aed3e3d3209a74133d4927885a2c4,4,True,120,0,0,1024,2252,12348,12
tierb_64_c16.spv,2132a81db6d7046c6d9f8ad20aa182c0aaa509b0418ebe740f0866aea89ff5ac,4,True,96,0,0,1024,1232,7012,16
tierb_64_c16p2.spv,340c2abd44447ccf88bcac03f21ab784e8c4d5c19e936623dc6078ed38aa0010,8,True,96,0,0,1024,1209,6884,16
tierb_64_c16p4.spv,ce2d3cd59014fa6f3e6ead422ed8a1259530808ff2ab4363aa8d21d7db73dbdd,16,True,96,0,0,1024,1209,6884,16
tierb_65536.spv,409075f99f5237e6353ce9009a2d77592adc5adbabac6045663bed057c196158,1024,True,96,7415,88320,65536,48156,284304,16
tierb_65536_lds32.spv,3274f6b66b5ca5b43afecab7d67b32d45b3786e5c403f7b58662ffad2b4b3aff,1024,True,96,12787,90368,32768,74744,449984,16
tierb_8192.spv,101e8af7514cd6871019206de0ab71c34934a4a1d7df3009bd8c299b1a543631,512,True,192,0,0,65536,3879,19788,8
tierb_8192_c16.spv,d8df2a2e7f3c24fbef6ff79909e534df85571ddcc2fda51029030802807b6923,512,True,96,0,0,32768,2644,15384,16
tierb_8192_c16p2.spv,327395b7b79d7ba365076cb194c3343f111a28fa6424a00a326ed920870c07a0,1024,True,96,0,0,65536,2650,15364,16
tierb_8192_c16p4.spv,7167bf7a2c370ef994fd7582297dc81d8501fd91465ef515db74cd6e6b04457d,2048,False,,,,,,,
tierb_8192_lds32.spv,b7a4c4f082deb5e96bd9c9f4182b05e66e275e706545181ae7349df9a40a41e0,512,True,192,0,0,32768,4399,22988,8
